Trinucleotide,Seq1_Percentage,Seq2_Percentage
CUA,0.8629833188699257,1.0190902663209993
UAC,0.8967312698871854,1.4310629271741693
ACC,1.8272104907916304,1.0860240395946263
CCC,1.6247227846880725,0.6683950035352345
CCU,1.4608041654613828,0.9097336790007071
UAA,1.0558287532542667,2.3417393353759133
AAC,1.4897309806190338,1.360358237096394
AC ,0.5303249445569376,0.48739099693613014
C C,0.6604956127663678,0.2969596983266557
 CC,0.6122842541702824,0.29318878152250766
CCA,1.1570726063060457,0.7626679236389348
CAA,0.9304792209044451,1.1868960641055857
AAA,2.1116575065085335,3.4324770209757243
AAG,0.9979751229389645,1.5950978081546077
AGG,1.3306334972519527,1.0596276219655905
GGG,1.5138366599170765,0.7174169219891586
GG ,0.6315687976087166,0.32524157435776574
G G,0.5833574390126314,0.33372613716709876
 GA,0.5544306238549802,0.5119019561630921
GAG,1.6632918715649407,1.0379448503417394
GGU,1.6970398225822005,1.2048079189252887
GUA,1.0702921608330922,1.5357058684892764
ACA,1.2342107800597821,1.4480320527928352
CAC,1.407771671005689,0.8201744049021918
C G,0.4483656349435927,0.26584963469243456
AGU,1.3017066820943013,1.5262785764789064
GUU,1.1281457911483945,1.6016969125618667
UUC,1.2004628290425223,1.5988687249587556
UCU,1.5331212033555106,1.5875559745463115
CUG,0.7569183299585382,0.6250294602875325
UGA,1.214926236621348,1.4376620315814281
GAC,1.9091698004049755,1.27362715060099
 CG,0.46765017838202677,0.25547961348102755
CGC,0.4821135859608524,0.1348102757482913
GCG,0.4001542763475075,0.15555031817110535
CGA,1.4029505351460805,0.8484562809333018
GAU,0.8967312698871854,1.1982088145180296
AUU,0.9401214926236622,2.1324534527456986
UUU,2.9312506026419825,3.802969596983267
UC ,0.6412110693279336,0.4949328305444261
C A,0.35676405361103075,0.3497525335847278
 AA,0.5833574390126314,0.840914447325006
ACU,1.4222350785845146,1.4593448032052794
CUC,1.865779577668499,0.893707282583078
UCG,1.43669848616334,0.913504595804855
GAA,1.3450969048307782,1.6148951213763845
AGA,1.3836659917076464,1.6808861654489748
UCA,1.1281457911483945,1.3396181946735801
CAG,0.8244142319930576,0.6231440018854584
AG ,0.5110404011185036,0.4261135988687249
G A,0.6219265258894996,0.5137874145651662
 AU,0.37604859704946486,0.6731086495404195
AUC,0.8244142319930576,1.1218477492340326
CGG,1.5668691543727704,0.6514258779165685
GUG,1.3017066820943013,1.0285175583313693
UGG,1.1763571497444798,0.7824652368607119
G C,0.16873975508629832,0.059391939665331135
 CA,0.3856908687686819,0.36577893000235684
GUC,2.0393404686144057,1.31133631864247
UCC,1.8561373059492816,1.0464294131510723
 GU,0.5544306238549802,0.5420692905962762
CAU,0.6942435637836275,1.0530285175583314
CCG,1.639186192266898,0.6231440018854584
GGC,0.5833574390126314,0.16780579778458637
GC ,0.1590974833670813,0.061277398067405134
UGU,1.2583164593578247,1.7572472307329718
ACG,1.2776010027962588,0.8691963233561159
GCA,0.39533314048789897,0.15932123497525336
AGC,0.37122746118985633,0.1395239217534763
GCC,0.5447883521357633,0.16026396417629035
CG ,0.45800790666280977,0.25076596747584257
 AC,0.5929997107318484,0.46476549611124207
UGC,0.2989104232957285,0.17063398538769736
GCU,0.38086973290907333,0.14612302616073533
CU ,0.5399672162761546,0.42705632806976196
U G,0.3519429177514222,0.38463351402309687
 GC,0.1446340757882557,0.06976196087673815
GGA,1.7307877735994601,1.1246759368371435
U A,0.39533314048789897,0.6749941079424935
U U,0.6412110693279336,0.9210464294131511
 UG,0.4001542763475075,0.420457223662503
 AG,0.33747951017259664,0.4345981616780579
U C,0.597820846591457,0.467593683714353
GA ,0.4724713142416353,0.47890643412679706
A G,0.43872336322437566,0.46853641291539005
AUA,0.7858451451161893,1.9731322177704453
CUU,1.2293896442001735,1.5328776808861655
UU ,0.5929997107318484,0.9069054913975961
 UA,0.3615851894706393,0.6995050671694556
UAG,1.0751132966927006,1.1416450624558097
CC ,0.5833574390126314,0.29036059391939667
CGU,1.3113489538135186,0.9314164506245581
C U,0.4483656349435927,0.42139995286354
AAU,0.9015524057467939,2.139052557152958
 UU,0.6315687976087166,0.9408437426349281
A U,0.3519429177514222,0.6335140230968654
 UC,0.6653167486259763,0.456280933301909
GU ,0.5833574390126314,0.4836200801319821
UAU,0.8340565037122746,1.9589912797548903
CA ,0.4435444990839842,0.39311807683242983
A A,0.5158615369781121,0.8748526985623379
AA ,0.525503808697329,0.8899363657789301
 CU,0.45318677080320124,0.3950035352345039
UUG,0.9979751229389645,1.3556445910912092
A C,0.4917558576800694,0.4855055385340561
AUG,0.88226786230836,1.1642705632806978
AU ,0.2699836081380773,0.6306858354937545
UUA,1.1377880628676116,2.3464529813810984
G U,0.6171053900298911,0.5411265613952393
UA ,0.35676405361103075,0.7004477963704926
 GG,0.5688940314338058,0.3290124911619138
UG ,0.39051200462829044,0.445910912090502
